sample_id	cohort	cell_type	tag	fraction	condition	replicate	bam_path	salmon_path
CK8_GFP.L10_br1	riboseq_sedentary	CK8	GFP.L10	pulldown	WT	br1	/data/local/Projects/MKim_MTJ/Results/Processing/pigx-riboseq/mapped_reads/star/CK8_GFP.L10_br1_Aligned.sortedByCoord.out.bam	/data/local/Projects/MKim_MTJ/Results/Processing/pigx-riboseq/salmon_output/CK8_GFP.L10_br1/quant.sf
CK8_GFP.L10_br2	riboseq_sedentary	CK8	GFP.L10	pulldown	WT	br2	/data/local/Projects/MKim_MTJ/Results/Processing/pigx-riboseq/mapped_reads/star/CK8_GFP.L10_br2_Aligned.sortedByCoord.out.bam	/data/local/Projects/MKim_MTJ/Results/Processing/pigx-riboseq/salmon_output/CK8_GFP.L10_br2/quant.sf
CK8_GFP.L10_br3	riboseq_sedentary	CK8	GFP.L10	pulldown	WT	br3	/data/local/Projects/MKim_MTJ/Results/Processing/pigx-riboseq/mapped_reads/star/CK8_GFP.L10_br3_Aligned.sortedByCoord.out.bam	/data/local/Projects/MKim_MTJ/Results/Processing/pigx-riboseq/salmon_output/CK8_GFP.L10_br3/quant.sf
CK8_GFP.input_br1	riboseq_sedentary	CK8	GFP	input	WT	br1	/data/local/Projects/MKim_MTJ/Results/Processing/pigx-riboseq/mapped_reads/star/CK8_GFP.input_br1_Aligned.sortedByCoord.out.bam	/data/local/Projects/MKim_MTJ/Results/Processing/pigx-riboseq/salmon_output/CK8_GFP.input_br1/quant.sf
CK8_HA.Rpl22_br1	riboseq_sedentary	CK8	HA.Rpl22	pulldown	WT	br1	/data/local/Projects/MKim_MTJ/Results/Processing/pigx-riboseq/mapped_reads/star/CK8_HA.Rpl22_br1_Aligned.sortedByCoord.out.bam	/data/local/Projects/MKim_MTJ/Results/Processing/pigx-riboseq/salmon_output/CK8_HA.Rpl22_br1/quant.sf
CK8_HA.Rpl22_br2	riboseq_sedentary	CK8	HA.Rpl22	pulldown	WT	br2	/data/local/Projects/MKim_MTJ/Results/Processing/pigx-riboseq/mapped_reads/star/CK8_HA.Rpl22_br2_Aligned.sortedByCoord.out.bam	/data/local/Projects/MKim_MTJ/Results/Processing/pigx-riboseq/salmon_output/CK8_HA.Rpl22_br2/quant.sf
CK8_HA.Rpl22_br3	riboseq_sedentary	CK8	HA.Rpl22	pulldown	WT	br3	/data/local/Projects/MKim_MTJ/Results/Processing/pigx-riboseq/mapped_reads/star/CK8_HA.Rpl22_br3_Aligned.sortedByCoord.out.bam	/data/local/Projects/MKim_MTJ/Results/Processing/pigx-riboseq/salmon_output/CK8_HA.Rpl22_br3/quant.sf
CK8_HA.Rpl22_br4	riboseq_sedentary	CK8	HA.Rpl22	pulldown	WT	br4	/data/local/Projects/MKim_MTJ/Results/Processing/pigx-riboseq/mapped_reads/star/CK8_HA.Rpl22_br4_Aligned.sortedByCoord.out.bam	/data/local/Projects/MKim_MTJ/Results/Processing/pigx-riboseq/salmon_output/CK8_HA.Rpl22_br4/quant.sf
CK8_HA.input_br1	riboseq_sedentary	CK8	HA	input	WT	br1	/data/local/Projects/MKim_MTJ/Results/Processing/pigx-riboseq/mapped_reads/star/CK8_HA.input_br1_Aligned.sortedByCoord.out.bam	/data/local/Projects/MKim_MTJ/Results/Processing/pigx-riboseq/salmon_output/CK8_HA.input_br1/quant.sf
MTJ_GFP.L10_br1	riboseq_sedentary	MTJ	GFP.L10	pulldown	WT	br1	/data/local/Projects/MKim_MTJ/Results/Processing/pigx-riboseq/mapped_reads/star/MTJ_GFP.L10_br1_Aligned.sortedByCoord.out.bam	/data/local/Projects/MKim_MTJ/Results/Processing/pigx-riboseq/salmon_output/MTJ_GFP.L10_br1/quant.sf
MTJ_GFP.L10_br2	riboseq_sedentary	MTJ	GFP.L10	pulldown	WT	br2	/data/local/Projects/MKim_MTJ/Results/Processing/pigx-riboseq/mapped_reads/star/MTJ_GFP.L10_br2_Aligned.sortedByCoord.out.bam	/data/local/Projects/MKim_MTJ/Results/Processing/pigx-riboseq/salmon_output/MTJ_GFP.L10_br2/quant.sf
MTJ_GFP.input_br1	riboseq_sedentary	MTJ	GFP	input	WT	br1	/data/local/Projects/MKim_MTJ/Results/Processing/pigx-riboseq/mapped_reads/star/MTJ_GFP.input_br1_Aligned.sortedByCoord.out.bam	/data/local/Projects/MKim_MTJ/Results/Processing/pigx-riboseq/salmon_output/MTJ_GFP.input_br1/quant.sf
MTJ_HA.Rpl22_br1	riboseq_sedentary	MTJ	HA.Rpl22	pulldown	WT	br1	/data/local/Projects/MKim_MTJ/Results/Processing/pigx-riboseq/mapped_reads/star/MTJ_HA.Rpl22_br1_Aligned.sortedByCoord.out.bam	/data/local/Projects/MKim_MTJ/Results/Processing/pigx-riboseq/salmon_output/MTJ_HA.Rpl22_br1/quant.sf
MTJ_HA.Rpl22_br3	riboseq_sedentary	MTJ	HA.Rpl22	pulldown	WT	br3	/data/local/Projects/MKim_MTJ/Results/Processing/pigx-riboseq/mapped_reads/star/MTJ_HA.Rpl22_br3_Aligned.sortedByCoord.out.bam	/data/local/Projects/MKim_MTJ/Results/Processing/pigx-riboseq/salmon_output/MTJ_HA.Rpl22_br3/quant.sf
MTJ_HA.Rpl22_br4	riboseq_sedentary	MTJ	HA.Rpl22	pulldown	WT	br4	/data/local/Projects/MKim_MTJ/Results/Processing/pigx-riboseq/mapped_reads/star/MTJ_HA.Rpl22_br4_Aligned.sortedByCoord.out.bam	/data/local/Projects/MKim_MTJ/Results/Processing/pigx-riboseq/salmon_output/MTJ_HA.Rpl22_br4/quant.sf
MTJ_HA.input_br1	riboseq_sedentary	MTJ	HA	input	WT	br1	/data/local/Projects/MKim_MTJ/Results/Processing/pigx-riboseq/mapped_reads/star/MTJ_HA.input_br1_Aligned.sortedByCoord.out.bam	/data/local/Projects/MKim_MTJ/Results/Processing/pigx-riboseq/salmon_output/MTJ_HA.input_br1/quant.sf
CK8_HA_br1	riboseq_exercise	CK8	HA	pulldown	EXE	br1	/data/local/Projects/MKim_MTJ/Results/Riboseq_Exercise/pigx-rnaseq/mapped_reads/star/CK8_HA_br1_Aligned.sortedByCoord.out.bam	/data/local/Projects/MKim_MTJ/Results/Riboseq_Exercise/pigx-rnaseq/salmon_output/CK8_HA_br1/quant.sf
CK8_HA_br2	riboseq_exercise	CK8	HA	pulldown	EXE	br2	/data/local/Projects/MKim_MTJ/Results/Riboseq_Exercise/pigx-rnaseq/mapped_reads/star/CK8_HA_br2_Aligned.sortedByCoord.out.bam	/data/local/Projects/MKim_MTJ/Results/Riboseq_Exercise/pigx-rnaseq/salmon_output/CK8_HA_br2/quant.sf
CK8_HA_br3	riboseq_exercise	CK8	HA	pulldown	EXE	br3	/data/local/Projects/MKim_MTJ/Results/Riboseq_Exercise/pigx-rnaseq/mapped_reads/star/CK8_HA_br3_Aligned.sortedByCoord.out.bam	/data/local/Projects/MKim_MTJ/Results/Riboseq_Exercise/pigx-rnaseq/salmon_output/CK8_HA_br3/quant.sf
CK8_Input_br1	riboseq_exercise	CK8	NA	input	EXE	br1	/data/local/Projects/MKim_MTJ/Results/Riboseq_Exercise/pigx-rnaseq/mapped_reads/star/CK8_Input_br1_Aligned.sortedByCoord.out.bam	/data/local/Projects/MKim_MTJ/Results/Riboseq_Exercise/pigx-rnaseq/salmon_output/CK8_Input_br1/quant.sf
CK8_Input_br2	riboseq_exercise	CK8	NA	input	EXE	br2	/data/local/Projects/MKim_MTJ/Results/Riboseq_Exercise/pigx-rnaseq/mapped_reads/star/CK8_Input_br2_Aligned.sortedByCoord.out.bam	/data/local/Projects/MKim_MTJ/Results/Riboseq_Exercise/pigx-rnaseq/salmon_output/CK8_Input_br2/quant.sf
MTJ_HA_br1	riboseq_exercise	MTJ	HA	pulldown	EXE	br1	/data/local/Projects/MKim_MTJ/Results/Riboseq_Exercise/pigx-rnaseq/mapped_reads/star/MTJ_HA_br1_Aligned.sortedByCoord.out.bam	/data/local/Projects/MKim_MTJ/Results/Riboseq_Exercise/pigx-rnaseq/salmon_output/MTJ_HA_br1/quant.sf
MTJ_HA_br2	riboseq_exercise	MTJ	HA	pulldown	EXE	br2	/data/local/Projects/MKim_MTJ/Results/Riboseq_Exercise/pigx-rnaseq/mapped_reads/star/MTJ_HA_br2_Aligned.sortedByCoord.out.bam	/data/local/Projects/MKim_MTJ/Results/Riboseq_Exercise/pigx-rnaseq/salmon_output/MTJ_HA_br2/quant.sf
MTJ_HA_br3	riboseq_exercise	MTJ	HA	pulldown	EXE	br3	/data/local/Projects/MKim_MTJ/Results/Riboseq_Exercise/pigx-rnaseq/mapped_reads/star/MTJ_HA_br3_Aligned.sortedByCoord.out.bam	/data/local/Projects/MKim_MTJ/Results/Riboseq_Exercise/pigx-rnaseq/salmon_output/MTJ_HA_br3/quant.sf
MTJ_Input_br1	riboseq_exercise	MTJ	NA	input	EXE	br1	/data/local/Projects/MKim_MTJ/Results/Riboseq_Exercise/pigx-rnaseq/mapped_reads/star/MTJ_Input_br1_Aligned.sortedByCoord.out.bam	/data/local/Projects/MKim_MTJ/Results/Riboseq_Exercise/pigx-rnaseq/salmon_output/MTJ_Input_br1/quant.sf
MTJ_Input_br2	riboseq_exercise	MTJ	NA	input	EXE	br2	/data/local/Projects/MKim_MTJ/Results/Riboseq_Exercise/pigx-rnaseq/mapped_reads/star/MTJ_Input_br2_Aligned.sortedByCoord.out.bam	/data/local/Projects/MKim_MTJ/Results/Riboseq_Exercise/pigx-rnaseq/salmon_output/MTJ_Input_br2/quant.sf
CK8_br1	rnaseq	CK8	NA	NA	WT	br1	/data/local/Projects/MKim_MTJ/Results/Processing/RNAseq/pigx-rnaseq/mapped_reads/star/CK8_br1_Aligned.sortedByCoord.out.bam	/data/local/Projects/MKim_MTJ/Results/Processing/RNAseq/pigx-rnaseq/salmon_output/CK8_br1/quant.sf
CK8_br2	rnaseq	CK8	NA	NA	WT	br2	/data/local/Projects/MKim_MTJ/Results/Processing/RNAseq/pigx-rnaseq/mapped_reads/star/CK8_br2_Aligned.sortedByCoord.out.bam	/data/local/Projects/MKim_MTJ/Results/Processing/RNAseq/pigx-rnaseq/salmon_output/CK8_br2/quant.sf
CK8_br3	rnaseq	CK8	NA	NA	WT	br3	/data/local/Projects/MKim_MTJ/Results/Processing/RNAseq/pigx-rnaseq/mapped_reads/star/CK8_br3_Aligned.sortedByCoord.out.bam	/data/local/Projects/MKim_MTJ/Results/Processing/RNAseq/pigx-rnaseq/salmon_output/CK8_br3/quant.sf
CK8_br4	rnaseq	CK8	NA	NA	WT	br4	/data/local/Projects/MKim_MTJ/Results/Processing/RNAseq/pigx-rnaseq/mapped_reads/star/CK8_br4_Aligned.sortedByCoord.out.bam	/data/local/Projects/MKim_MTJ/Results/Processing/RNAseq/pigx-rnaseq/salmon_output/CK8_br4/quant.sf
Tigd4_br1	rnaseq	Tigd4	NA	NA	WT	br1	/data/local/Projects/MKim_MTJ/Results/Processing/RNAseq/pigx-rnaseq/mapped_reads/star/Tigd4_br1_Aligned.sortedByCoord.out.bam	/data/local/Projects/MKim_MTJ/Results/Processing/RNAseq/pigx-rnaseq/salmon_output/Tigd4_br1/quant.sf
Tigd4_br2	rnaseq	Tigd4	NA	NA	WT	br2	/data/local/Projects/MKim_MTJ/Results/Processing/RNAseq/pigx-rnaseq/mapped_reads/star/Tigd4_br2_Aligned.sortedByCoord.out.bam	/data/local/Projects/MKim_MTJ/Results/Processing/RNAseq/pigx-rnaseq/salmon_output/Tigd4_br2/quant.sf
Tigd4_br3	rnaseq	Tigd4	NA	NA	WT	br3	/data/local/Projects/MKim_MTJ/Results/Processing/RNAseq/pigx-rnaseq/mapped_reads/star/Tigd4_br3_Aligned.sortedByCoord.out.bam	/data/local/Projects/MKim_MTJ/Results/Processing/RNAseq/pigx-rnaseq/salmon_output/Tigd4_br3/quant.sf
Tigd4_br4	rnaseq	Tigd4	NA	NA	WT	br4	/data/local/Projects/MKim_MTJ/Results/Processing/RNAseq/pigx-rnaseq/mapped_reads/star/Tigd4_br4_Aligned.sortedByCoord.out.bam	/data/local/Projects/MKim_MTJ/Results/Processing/RNAseq/pigx-rnaseq/salmon_output/Tigd4_br4/quant.sf
